Input File,Hash Type?,VirusTotal Link,VirusTotal Scan Date,VirusTotal SHA256,VirusTotal SHA1,VirusTotal MD5,VirusTotal Verbose Msg,VirusTotal Positivie Scans,VirusTotal Total Scans,VirusTotal Conviction Percentage,VirusTotal Scan Results
275A021BBFB6489E54D471899F7DB9D1663FC695EC2FE2A2C4538AABF651FD0F,SHA-256,https://www.virustotal.com/gui/file/275a021bbfb6489e54d471899f7db9d1663fc695ec2fe2a2c4538aabf651fd0f/detection/f-275a021bbfb6489e54d471899f7db9d1663fc695ec2fe2a2c4538aabf651fd0f-1647104183,2022-03-12 16:56:23,275a021bbfb6489e54d471899f7db9d1663fc695ec2fe2a2c4538aabf651fd0f,3395856ce81f2b7382dee72602f798b642f14140,44d88612fea8a8f36de82e1278abb02f,"Scan finished, information embedded",59,64,92.1875,"Bkav Detected: True Result: W32.Eicar.Worm Version:  Update: 20220312
Lionic Detected: True Result: Test.File.EICAR.y Version:  Update: 20220312
Elastic Detected: True Result: eicar Version:  Update: 20220302
Cynet Detected: True Result: Malicious (score: 99) Version:  Update: 20220312
CMC Detected: True Result: Eicar.test.file Version:  Update: 20211026
CAT-QuickHeal Detected: True Result: EICAR.TestFile Version:  Update: 20220312
McAfee Detected: True Result: EICAR test file Version:  Update: 20220312
Malwarebytes Detected: False Result: None Version:  Update: 20220312
Zillya Detected: True Result: EICAR.TestFile Version:  Update: 20220312
Sangfor Detected: False Result: None Version:  Update: 20211224
K7AntiVirus Detected: True Result: EICAR_Test_File Version:  Update: 20220312
Alibaba Detected: True Result: Trojan:MacOS/eicar.com Version:  Update: 20190527
K7GW Detected: True Result: EICAR_Test_File Version:  Update: 20220312
Arcabit Detected: True Result: EICAR-Test-File (not a virus) Version:  Update: 20220312
Baidu Detected: True Result: Win32.Test.Eicar.a Version:  Update: 20190318
VirIT Detected: True Result: EICAR-Test-File Version:  Update: 20220311
Cyren Detected: True Result: EICAR_Test_File Version:  Update: 20220312
SymantecMobileInsight Detected: True Result: ALG:EICAR Test String Version:  Update: 20220208
ESET-NOD32 Detected: True Result: Eicar test file Version:  Update: 20220312
APEX Detected: True Result: EICAR Anti-Virus Test File Version:  Update: 20220310
Avast Detected: True Result: EICAR Test-NOT virus!!! Version:  Update: 20220312
ClamAV Detected: True Result: Win.Test.EICAR_HDB-1 Version:  Update: 20220312
Kaspersky Detected: True Result: EICAR-Test-File Version:  Update: 20220312
BitDefender Detected: True Result: EICAR-Test-File (not a virus) Version:  Update: 20220312
NANO-Antivirus Detected: True Result: Marker.Dos.EICAR-Test-File.dyb Version:  Update: 20220312
ViRobot Detected: True Result: EICAR-test Version:  Update: 20220312
MicroWorld-eScan Detected: True Result: EICAR-Test-File Version:  Update: 20220312
Tencent Detected: True Result: EICAR.TEST.NOT-A-VIRUS Version:  Update: 20220312
Ad-Aware Detected: True Result: EICAR-Test-File (not a virus) Version:  Update: 20220312
Sophos Detected: True Result: EICAR-AV-Test Version:  Update: 20220312
Comodo Detected: True Result: Malware@#2975xfk8s2pq1 Version:  Update: 20220312
F-Secure Detected: False Result: None Version:  Update: 20220312
DrWeb Detected: True Result: EICAR Test File (NOT a Virus!) Version:  Update: 20220312
VIPRE Detected: True Result: EICAR (v) Version:  Update: 20220119
TrendMicro Detected: True Result: Eicar_test_file Version:  Update: 20220312
McAfee-GW-Edition Detected: True Result: EICAR test file Version:  Update: 20220312
FireEye Detected: True Result: EICAR-Test-File (not a virus) Version:  Update: 20220312
Emsisoft Detected: True Result: EICAR-Test-File (not a virus) (B) Version:  Update: 20220312
GData Detected: True Result: EICAR_TEST_FILE Version:  Update: 20220312
Jiangmin Detected: True Result: EICAR-Test-File Version:  Update: 20220311
Webroot Detected: True Result: W32.Eicar.Testvirus.Gen Version:  Update: 20220312
Avira Detected: True Result: Eicar-Test-Signature Version:  Update: 20220312
MAX Detected: True Result: malware (ai score=100) Version:  Update: 20220312
Antiy-AVL Detected: True Result: Trojan/Generic.ASMalwRG.118 Version:  Update: 20220312
Kingsoft Detected: False Result: None Version:  Update: 20220312
Gridinsoft Detected: True Result: PUP.U.EICAR_Test_File.dd Version:  Update: 20220312
Microsoft Detected: True Result: Virus:DOS/EICAR_Test_File Version:  Update: 20220312
SUPERAntiSpyware Detected: True Result: NotAThreat.EICAR[TestFile] Version:  Update: 20220305
ZoneAlarm Detected: False Result: None Version:  Update: 20220312
Avast-Mobile Detected: True Result: Eicar Version:  Update: 20220312
AhnLab-V3 Detected: True Result: Virus/EICAR_Test_File Version:  Update: 20220312
BitDefenderTheta Detected: True Result: EICAR-Test-File (not a virus) Version:  Update: 20220303
ALYac Detected: True Result: Misc.Eicar-Test-File Version:  Update: 20220312
TACHYON Detected: True Result: EICAR-Test-File Version:  Update: 20220312
VBA32 Detected: True Result: EICAR-Test-File Version:  Update: 20220312
Zoner Detected: True Result: EICAR.Test.File-No.Virus Version:  Update: 20220311
TrendMicro-HouseCall Detected: True Result: Eicar_test_file Version:  Update: 20220312
Rising Detected: True Result: EICAR-Test-File (CLASSIC) Version:  Update: 20220312
Yandex Detected: True Result: EICAR_test_file Version:  Update: 20220312
SentinelOne Detected: True Result: Static AI - Malicious COM Version:  Update: 20220201
MaxSecure Detected: True Result: VIRUS.EICAR.TEST Version:  Update: 20220312
Fortinet Detected: True Result: EICAR_TEST_FILE Version:  Update: 20220312
AVG Detected: True Result: EICAR Test-NOT virus!!! Version:  Update: 20220312
Panda Detected: True Result: EICAR-AV-TEST-FILE Version:  Update: 20220312"
001025C6D4974FB2CCBEA56F710282ACA6C1353CC7120D5D4A7853688084953A,SHA-256,https://www.virustotal.com/gui/file/001025c6d4974fb2ccbea56f710282aca6c1353cc7120d5d4a7853688084953a/detection/f-001025c6d4974fb2ccbea56f710282aca6c1353cc7120d5d4a7853688084953a-1472555297,2016-08-30 11:08:17,001025c6d4974fb2ccbea56f710282aca6c1353cc7120d5d4a7853688084953a,84c17e0ce55db895c7f62c6838a061a9a77007d7,fadc983f4577da8a7caa35e5096ddf14,"Scan finished, information embedded",38,57,66.66666666666666,"Bkav Detected: True Result: W32.HfsAdware.59EA Version:  Update: 20160829
Lionic Detected: False Result: None Version:  Update: 20160830
MicroWorld-eScan Detected: False Result: None Version:  Update: 20160830
nProtect Detected: False Result: None Version:  Update: 20160830
CMC Detected: False Result: None Version:  Update: 20160830
CAT-QuickHeal Detected: False Result: None Version:  Update: 20160830
McAfee Detected: True Result: Artemis!FADC983F4577 Version:  Update: 20160830
Malwarebytes Detected: True Result: PUP.Optional.OptimizerPro Version:  Update: 20160830
Zillya Detected: True Result: Adware.OptimizerProCRTD.Win32.318 Version:  Update: 20160830
TheHacker Detected: False Result: None Version:  Update: 20160829
Alibaba Detected: False Result: None Version:  Update: 20160830
K7GW Detected: True Result: Adware ( 004c3e641 ) Version:  Update: 20160830
K7AntiVirus Detected: True Result: Adware ( 004c3e641 ) Version:  Update: 20160830
Arcabit Detected: True Result: Adware.Generic.D31ACCA Version:  Update: 20160830
Invincea Detected: True Result: virus.win32.sality.at Version:  Update: 20160830
Baidu Detected: False Result: None Version:  Update: 20160830
F-Prot Detected: True Result: W32/Trojan2.OVYQ Version:  Update: 20160830
Symantec Detected: True Result: SMG.Heur!gen Version:  Update: 20160830
TotalDefense Detected: False Result: None Version:  Update: 20160830
TrendMicro-HouseCall Detected: True Result: TROJ_GE.06094129 Version:  Update: 20160830
Avast Detected: True Result: Win32:PUP-gen [PUP] Version:  Update: 20160830
ClamAV Detected: False Result: None Version:  Update: 20160830
Kaspersky Detected: True Result: not-a-virus:HEUR:RiskTool.Win32.Generic Version:  Update: 20160830
BitDefender Detected: True Result: Application.Generic.1564298 Version:  Update: 20160830
NANO-Antivirus Detected: True Result: Riskware.Win32.Unwanted.eaeozl Version:  Update: 20160830
SUPERAntiSpyware Detected: False Result: None Version:  Update: 20160830
Tencent Detected: False Result: None Version:  Update: 20160830
Ad-Aware Detected: True Result: Application.Generic.1564298 Version:  Update: 20160830
Emsisoft Detected: True Result: Adware.GenericKD.3255527 (B) Version:  Update: 20160830
Comodo Detected: False Result: None Version:  Update: 20160830
F-Secure Detected: True Result: Application.Generic.1564298 Version:  Update: 20160830
DrWeb Detected: True Result: Trojan.Ptop.68 Version:  Update: 20160830
VIPRE Detected: True Result: OptimizerPro (fs) (not malicious) Version:  Update: 20160830
TrendMicro Detected: False Result: None Version:  Update: 20160830
McAfee-GW-Edition Detected: True Result: BehavesLike.Win32.Jeefo.rc Version:  Update: 20160830
Sophos Detected: True Result: Generic PUA AB (PUA) Version:  Update: 20160830
Cyren Detected: True Result: W32/Trojan.KBXY-4410 Version:  Update: 20160830
Jiangmin Detected: False Result: None Version:  Update: 20160830
Avira Detected: True Result: PUA/OptimizerPro.RE Version:  Update: 20160830
Antiy-AVL Detected: True Result: Trojan[FakeAV]/Win32.Agent Version:  Update: 20160830
Kingsoft Detected: False Result: None Version:  Update: 20160830
Microsoft Detected: False Result: None Version:  Update: 20160830
ViRobot Detected: False Result: None Version:  Update: 20160830
GData Detected: True Result: Application.Generic.1564298 Version:  Update: 20160830
AhnLab-V3 Detected: True Result: PUP/Win32.OptimizerPro.R149627 Version:  Update: 20160830
VBA32 Detected: True Result: TrojanFakeAV.Agent Version:  Update: 20160829
AVware Detected: True Result: OptimizerPro (fs) Version:  Update: 20160830
Zoner Detected: False Result: None Version:  Update: 20160830
ESET-NOD32 Detected: True Result: a variant of Win32/Adware.SpeedingUpMyPC.AE Version:  Update: 20160830
Rising Detected: True Result: Malware.Undefined!8.C-7p3fz8pKI3D (Cloud) Version:  Update: 20160830
Yandex Detected: True Result: Riskware.SpeedingUpMyPC! Version:  Update: 20160828
Ikarus Detected: True Result: PUA.Generic Version:  Update: 20160830
Fortinet Detected: True Result: Riskware/Generic Version:  Update: 20160830
AVG Detected: True Result: Generic7.BCS Version:  Update: 20160830
Panda Detected: True Result: Trj/CI.A Version:  Update: 20160829
CrowdStrike Detected: True Result: malicious_confidence_99% (D) Version:  Update: 20160725
Qihoo-360 Detected: True Result: Win32/Virus.IM.2bf Version:  Update: 20160830"
001025C6D4974FB2CCBEA56F710282ACA6C1353CC7120D5D4A7853688084953B,SHA-256,,,,,,"The requested resource is not among the finished, queued or pending scans",0,0,NaN,
92945627F32DFDE376FFB7091B5FAAD2,MD5,https://www.virustotal.com/gui/file/68c99920c454660ff25ed40feffbf44c82197c15e5e59d44b67f61bc4b39fe56/detection/f-68c99920c454660ff25ed40feffbf44c82197c15e5e59d44b67f61bc4b39fe56-1474126391,2016-09-17 15:33:11,68c99920c454660ff25ed40feffbf44c82197c15e5e59d44b67f61bc4b39fe56,6f97644364c2cc5a7552b2517bdba68bf663ec27,92945627f32dfde376ffb7091b5faad2,"Scan finished, information embedded",47,57,82.45614035087719,"Bkav Detected: True Result: W32.RansomwareTQB.Trojan Version:  Update: 20160917
Lionic Detected: False Result: None Version:  Update: 20160917
MicroWorld-eScan Detected: True Result: Gen:Variant.Zusy.146473 Version:  Update: 20160917
nProtect Detected: True Result: Trojan/W32.Agent.196709 Version:  Update: 20160917
CMC Detected: False Result: None Version:  Update: 20160916
CAT-QuickHeal Detected: True Result: Trojan.ServStart.A Version:  Update: 20160917
ALYac Detected: True Result: Gen:Variant.Zusy.146473 Version:  Update: 20160917
Malwarebytes Detected: True Result: Trojan.Agent.PDD Version:  Update: 20160917
VIPRE Detected: True Result: Trojan.Win32.Generic!SB.0 Version:  Update: 20160917
K7AntiVirus Detected: True Result: Trojan ( 004ae7bf1 ) Version:  Update: 20160917
BitDefender Detected: True Result: Gen:Variant.Zusy.146473 Version:  Update: 20160917
K7GW Detected: True Result: Trojan ( 004ae7bf1 ) Version:  Update: 20160917
TheHacker Detected: True Result: Trojan/ServStart.io Version:  Update: 20160916
TrendMicro Detected: True Result: TROJ_SERVSTART_EH06002B.UVPN Version:  Update: 20160917
Baidu Detected: True Result: Win32.Trojan.ServStart.aj Version:  Update: 20160914
Cyren Detected: True Result: W32/Heuristic-131!Eldorado Version:  Update: 20160917
Symantec Detected: True Result: SMG.Heur!gen Version:  Update: 20160917
ESET-NOD32 Detected: True Result: Win32/ServStart.IO Version:  Update: 20160917
TrendMicro-HouseCall Detected: True Result: TROJ_SERVSTART_EH06002B.UVPN Version:  Update: 20160917
Avast Detected: True Result: Win32:MrBlack-D [Trj] Version:  Update: 20160917
ClamAV Detected: False Result: None Version:  Update: 20160916
Kaspersky Detected: True Result: Trojan.Win32.StartServ.xer Version:  Update: 20160917
Alibaba Detected: False Result: None Version:  Update: 20160914
NANO-Antivirus Detected: True Result: Trojan.Win32.Heuristic131.dcnfpc Version:  Update: 20160917
ViRobot Detected: False Result: None Version:  Update: 20160917
Rising Detected: True Result: Malware.Heuristic!ET (rdm+) Version:  Update: 20160917
Ad-Aware Detected: True Result: Gen:Variant.Zusy.146473 Version:  Update: 20160917
Emsisoft Detected: True Result: Gen:Variant.Zusy.146473 (B) Version:  Update: 20160917
Comodo Detected: False Result: None Version:  Update: 20160916
F-Secure Detected: True Result: Gen:Variant.Zusy.146473 Version:  Update: 20160917
DrWeb Detected: True Result: Trojan.Mrblack.3 Version:  Update: 20160917
Zillya Detected: True Result: Trojan.StartServ.Win32.135 Version:  Update: 20160915
Invincea Detected: True Result: generic.a Version:  Update: 20160917
McAfee-GW-Edition Detected: True Result: GenericRXAE-XG!92945627F32D Version:  Update: 20160917
Sophos Detected: False Result: None Version:  Update: 20160917
F-Prot Detected: True Result: W32/Heuristic-131!Eldorado Version:  Update: 20160917
Jiangmin Detected: True Result: Trojan/Generic.bamdh Version:  Update: 20160917
Avira Detected: True Result: BDS/Backdoor.Gen2 Version:  Update: 20160917
Fortinet Detected: True Result: W32/StartServ.VIK!tr Version:  Update: 20160917
Antiy-AVL Detected: True Result: Trojan[:HEUR]/Win32.AGeneric Version:  Update: 20160916
Kingsoft Detected: False Result: None Version:  Update: 20160917
Arcabit Detected: True Result: Trojan.Zusy.D23C29 Version:  Update: 20160917
SUPERAntiSpyware Detected: True Result: Trojan.Agent/Gen-Jaik Version:  Update: 20160917
Microsoft Detected: True Result: Trojan:Win32/ServStart!rfn Version:  Update: 20160917
AhnLab-V3 Detected: True Result: Backdoor/Win32.Zegost.R117606 Version:  Update: 20160917
McAfee Detected: True Result: GenericRXAE-XG!92945627F32D Version:  Update: 20160917
AVware Detected: True Result: Trojan.Win32.Generic!SB.0 Version:  Update: 20160917
VBA32 Detected: True Result: Trojan.StartServ Version:  Update: 20160917
Zoner Detected: False Result: None Version:  Update: 20160917
Tencent Detected: False Result: None Version:  Update: 20160917
Yandex Detected: True Result: Backdoor.Agent!W+qsqWX+TeU Version:  Update: 20160916
Ikarus Detected: True Result: Trojan.Win32.ServStart Version:  Update: 20160917
GData Detected: True Result: Gen:Variant.Zusy.146473 Version:  Update: 20160917
AVG Detected: True Result: Generic36.WYR Version:  Update: 20160917
Panda Detected: True Result: Trj/Genetic.gen Version:  Update: 20160917
CrowdStrike Detected: True Result: malicious_confidence_100% (D) Version:  Update: 20160725
Qihoo-360 Detected: True Result: HEUR/QVM07.1.0000.Malware.Gen Version:  Update: 20160917"
92945627F32DFDE376FFB7091B5FAAD1,MD5,,,,,,"The requested resource is not among the finished, queued or pending scans",0,0,NaN,
CEEF161D68AE2B690FA9616361271578,MD5,https://www.virustotal.com/gui/file/cebf5c1c762cff1c0442320b118ac83d76266b6358bc768205788bba31abdf24/detection/f-cebf5c1c762cff1c0442320b118ac83d76266b6358bc768205788bba31abdf24-1472635960,2016-08-31 09:32:40,cebf5c1c762cff1c0442320b118ac83d76266b6358bc768205788bba31abdf24,536f9792b32a1eb2cc5ecd463d2fbed01d28175c,ceef161d68ae2b690fa9616361271578,"Scan finished, information embedded",47,58,81.03448275862068,"Bkav Detected: False Result: None Version:  Update: 20160831
Lionic Detected: True Result: Troj.W32.Gen.lZFZ Version:  Update: 20160831
MicroWorld-eScan Detected: True Result: Generic.MSIL.Bladabindi.3D8207C9 Version:  Update: 20160831
nProtect Detected: False Result: None Version:  Update: 20160831
CMC Detected: False Result: None Version:  Update: 20160830
CAT-QuickHeal Detected: True Result: Trojan.Bladabindi.B3 Version:  Update: 20160831
ALYac Detected: True Result: Generic.MSIL.Bladabindi.3D8207C9 Version:  Update: 20160831
Malwarebytes Detected: True Result: Trojan.Agent.MSIL Version:  Update: 20160831
Zillya Detected: True Result: Trojan.Bladabindi.Win32.15117 Version:  Update: 20160831
TheHacker Detected: False Result: None Version:  Update: 20160829
Alibaba Detected: False Result: None Version:  Update: 20160831
K7GW Detected: True Result: Trojan ( 700000121 ) Version:  Update: 20160831
K7AntiVirus Detected: True Result: Trojan ( 700000121 ) Version:  Update: 20160831
Arcabit Detected: True Result: Generic.MSIL.Bladabindi.3D8207C9 Version:  Update: 20160831
TrendMicro Detected: True Result: BKDR_BLADABI.SMC Version:  Update: 20160831
Baidu Detected: True Result: MSIL.Backdoor.Bladabindi.a Version:  Update: 20160831
F-Prot Detected: True Result: W32/MSIL_Bladabindi.A2.gen!Eldorado Version:  Update: 20160831
Symantec Detected: True Result: Heur.AdvML.B Version:  Update: 20160831
TotalDefense Detected: True Result: Win32/DotNetDl.A!generic Version:  Update: 20160831
TrendMicro-HouseCall Detected: True Result: BKDR_BLADABI.SMC Version:  Update: 20160831
Avast Detected: True Result: MSIL:Agent-CTT [Trj] Version:  Update: 20160831
ClamAV Detected: True Result: Win.Trojan.B-468 Version:  Update: 20160831
Kaspersky Detected: True Result: HEUR:Trojan.Win32.Generic Version:  Update: 20160831
BitDefender Detected: True Result: Generic.MSIL.Bladabindi.3D8207C9 Version:  Update: 20160831
NANO-Antivirus Detected: True Result: Trojan.Win32.DownLoader10.ctopxm Version:  Update: 20160831
SUPERAntiSpyware Detected: True Result: Trojan.Agent/Gen-Barys Version:  Update: 20160831
Tencent Detected: True Result: Win32.Trojan.Generic.Tdzr Version:  Update: 20160831
Ad-Aware Detected: True Result: Generic.MSIL.Bladabindi.3D8207C9 Version:  Update: 20160831
Emsisoft Detected: True Result: Generic.MSIL.Bladabindi.3D8207C9 (B) Version:  Update: 20160831
Comodo Detected: True Result: TrojWare.MSIL.Bladabindi.KX Version:  Update: 20160831
F-Secure Detected: True Result: Generic.MSIL.Bladabindi.3D8207C9 Version:  Update: 20160831
DrWeb Detected: True Result: Trojan.DownLoader10.20236 Version:  Update: 20160831
VIPRE Detected: True Result: Backdoor.MSIL.Bladabindi.a (v) Version:  Update: 20160831
Invincea Detected: True Result: backdoor.msil.bladabindi.aj Version:  Update: 20160830
McAfee-GW-Edition Detected: True Result: BehavesLike.Win32.BackdoorNJRat.mm Version:  Update: 20160831
Sophos Detected: True Result: Troj/MSIL-HX Version:  Update: 20160831
Cyren Detected: True Result: W32/MSIL_Bladabindi.A2.gen!Eldorado Version:  Update: 20160831
Jiangmin Detected: False Result: None Version:  Update: 20160831
Avira Detected: True Result: TR/ATRAPS.Gen Version:  Update: 20160831
Antiy-AVL Detected: True Result: Trojan[:HEUR]/Win32.AGeneric Version:  Update: 20160831
Kingsoft Detected: False Result: None Version:  Update: 20160831
Microsoft Detected: True Result: Backdoor:MSIL/Bladabindi.AJ Version:  Update: 20160831
ViRobot Detected: False Result: None Version:  Update: 20160831
GData Detected: True Result: Generic.MSIL.Bladabindi.3D8207C9 Version:  Update: 20160831
AhnLab-V3 Detected: True Result: Trojan/Win32.Generic.R108665 Version:  Update: 20160831
McAfee Detected: True Result: Trojan-FIGN Version:  Update: 20160831
AVware Detected: True Result: Backdoor.MSIL.Bladabindi.a (v) Version:  Update: 20160831
VBA32 Detected: False Result: None Version:  Update: 20160831
Zoner Detected: False Result: None Version:  Update: 20160831
ESET-NOD32 Detected: True Result: a variant of MSIL/Bladabindi.AS Version:  Update: 20160831
Rising Detected: True Result: Backdoor.MSIL.Bladabindi!1.9E49 (classic) Version:  Update: 20160831
Yandex Detected: True Result: Trojan.RatJn.Gen.MG Version:  Update: 20160830
Ikarus Detected: True Result: Trojan.MSIL.Bladabindi Version:  Update: 20160831
Fortinet Detected: True Result: MSIL/Agent.PPV!tr Version:  Update: 20160831
AVG Detected: True Result: PSW.ILUSpy Version:  Update: 20160831
Panda Detected: True Result: Trj/GdSda.A Version:  Update: 20160831
CrowdStrike Detected: True Result: malicious_confidence_100% (W) Version:  Update: 20160725
Qihoo-360 Detected: False Result: None Version:  Update: 20160831"
D41D8CD98F00B204E9800998ECF8427E,MD5,https://www.virustotal.com/gui/file/e3b0c44298fc1c149afbf4c8996fb92427ae41e4649b934ca495991b7852b855/detection/f-e3b0c44298fc1c149afbf4c8996fb92427ae41e4649b934ca495991b7852b855-1647104849,2022-03-12 17:07:29,e3b0c44298fc1c149afbf4c8996fb92427ae41e4649b934ca495991b7852b855,da39a3ee5e6b4b0d3255bfef95601890afd80709,d41d8cd98f00b204e9800998ecf8427e,"Scan finished, information embedded",0,55,0.0,"Lionic Detected: False Result: None Version:  Update: 20220312
DrWeb Detected: False Result: None Version:  Update: 20220312
MicroWorld-eScan Detected: False Result: None Version:  Update: 20220312
CMC Detected: False Result: None Version:  Update: 20211026
CAT-QuickHeal Detected: False Result: None Version:  Update: 20220312
ALYac Detected: False Result: None Version:  Update: 20220312
Malwarebytes Detected: False Result: None Version:  Update: 20220312
Zillya Detected: False Result: None Version:  Update: 20220312
Sangfor Detected: False Result: None Version:  Update: 20211224
K7AntiVirus Detected: False Result: None Version:  Update: 20220312
K7GW Detected: False Result: None Version:  Update: 20220312
BitDefenderTheta Detected: False Result: None Version:  Update: 20220303
VirIT Detected: False Result: None Version:  Update: 20220311
Cyren Detected: False Result: None Version:  Update: 20220312
ESET-NOD32 Detected: False Result: None Version:  Update: 20220312
Zoner Detected: False Result: None Version:  Update: 20220311
TrendMicro-HouseCall Detected: False Result: None Version:  Update: 20220312
Avast Detected: False Result: None Version:  Update: 20220312
ClamAV Detected: False Result: None Version:  Update: 20220312
Kaspersky Detected: False Result: None Version:  Update: 20220312
BitDefender Detected: False Result: None Version:  Update: 20220312
NANO-Antivirus Detected: False Result: None Version:  Update: 20220312
SUPERAntiSpyware Detected: False Result: None Version:  Update: 20220305
Tencent Detected: False Result: None Version:  Update: 20220312
Ad-Aware Detected: False Result: None Version:  Update: 20220312
Emsisoft Detected: False Result: None Version:  Update: 20220312
Comodo Detected: False Result: None Version:  Update: 20220312
F-Secure Detected: False Result: None Version:  Update: 20220312
Baidu Detected: False Result: None Version:  Update: 20190318
VIPRE Detected: False Result: None Version:  Update: 20220119
TrendMicro Detected: False Result: None Version:  Update: 20220312
McAfee-GW-Edition Detected: False Result: None Version:  Update: 20220312
FireEye Detected: False Result: None Version:  Update: 20220312
Sophos Detected: False Result: None Version:  Update: 20220312
Paloalto Detected: False Result: None Version:  Update: 20220312
GData Detected: False Result: None Version:  Update: 20220312
Jiangmin Detected: False Result: None Version:  Update: 20220311
Avira Detected: False Result: None Version:  Update: 20220312
Antiy-AVL Detected: False Result: None Version:  Update: 20220312
Kingsoft Detected: False Result: None Version:  Update: 20220312
Arcabit Detected: False Result: None Version:  Update: 20220312
ViRobot Detected: False Result: None Version:  Update: 20220312
ZoneAlarm Detected: False Result: None Version:  Update: 20220312
Microsoft Detected: False Result: None Version:  Update: 20220312
Cynet Detected: False Result: None Version:  Update: 20220312
AhnLab-V3 Detected: False Result: None Version:  Update: 20220312
McAfee Detected: False Result: None Version:  Update: 20220312
TACHYON Detected: False Result: None Version:  Update: 20220312
VBA32 Detected: False Result: None Version:  Update: 20220312
APEX Detected: False Result: None Version:  Update: 20220310
Rising Detected: False Result: None Version:  Update: 20220312
Yandex Detected: False Result: None Version:  Update: 20220312
MaxSecure Detected: False Result: None Version:  Update: 20220312
Fortinet Detected: False Result: None Version:  Update: 20220312
Panda Detected: False Result: None Version:  Update: 20220312"
B284A42B124849E71DBEF653D30229F1,MD5,https://www.virustotal.com/gui/file/da3a3e5c3e436967c2f62d6e777b9f9b118ab995ee1a569161494489614c09fa/detection/f-da3a3e5c3e436967c2f62d6e777b9f9b118ab995ee1a569161494489614c09fa-1632845040,2021-09-28 16:04:00,da3a3e5c3e436967c2f62d6e777b9f9b118ab995ee1a569161494489614c09fa,0322a0ba58b95db9a2227f12d193fddea74cff89,b284a42b124849e71dbef653d30229f1,"Scan finished, information embedded",52,67,77.61194029850746,"Bkav Detected: True Result: W32.AIDetect.malware2 Version:  Update: 20210928
Lionic Detected: True Result: Trojan.Win32.Agent.a!c Version:  Update: 20210928
Elastic Detected: True Result: malicious (high confidence) Version:  Update: 20210916
DrWeb Detected: False Result: None Version:  Update: 20210928
MicroWorld-eScan Detected: True Result: Gen:Variant.Fragtor.13997 Version:  Update: 20210928
FireEye Detected: True Result: Generic.mg.b284a42b124849e7 Version:  Update: 20210928
CAT-QuickHeal Detected: True Result: Trojan.Startpage.S6545 Version:  Update: 20210928
ALYac Detected: True Result: Gen:Variant.Fragtor.13997 Version:  Update: 20210928
Cylance Detected: True Result: Unsafe Version:  Update: 20210928
Zillya Detected: True Result: Trojan.Delf.Win32.76071 Version:  Update: 20210928
Sangfor Detected: True Result: Suspicious.Win32.Save.a Version:  Update: 20210831
K7AntiVirus Detected: True Result: Trojan ( 004d73c41 ) Version:  Update: 20210928
Alibaba Detected: True Result: TrojanDropper:Win32/ATRAPS.818a6f5e Version:  Update: 20190527
K7GW Detected: True Result: Trojan ( 004d73c41 ) Version:  Update: 20210928
CrowdStrike Detected: True Result: win/malicious_confidence_100% (D) Version:  Update: 20210203
BitDefenderTheta Detected: True Result: AI:Packer.2D6E6EDD1F Version:  Update: 20210921
Cyren Detected: True Result: W32/Trojan.CGE.gen!Eldorado Version:  Update: 20210928
Symantec Detected: True Result: ML.Attribute.HighConfidence Version:  Update: 20210928
ESET-NOD32 Detected: True Result: a variant of Win32/Delf.TJF Version:  Update: 20210928
APEX Detected: True Result: Malicious Version:  Update: 20210928
Paloalto Detected: True Result: generic.ml Version:  Update: 20210928
ClamAV Detected: True Result: Win.Trojan.Jacard-9876699-0 Version:  Update: 20210928
Kaspersky Detected: True Result: UDS:Trojan.Win32.Reconyc Version:  Update: 20210928
BitDefender Detected: True Result: Gen:Variant.Fragtor.13997 Version:  Update: 20210928
NANO-Antivirus Detected: True Result: Trojan.Win32.Agent.egmkck Version:  Update: 20210928
SUPERAntiSpyware Detected: False Result: None Version:  Update: 20210925
Avast Detected: True Result: Win32:Malware-gen Version:  Update: 20210928
Rising Detected: False Result: None Version:  Update: 20210928
Ad-Aware Detected: True Result: Gen:Variant.Fragtor.13997 Version:  Update: 20210928
Emsisoft Detected: True Result: Gen:Variant.Fragtor.13997 (B) Version:  Update: 20210928
Comodo Detected: False Result: None Version:  Update: 20210928
F-Secure Detected: False Result: None Version:  Update: 20210928
Baidu Detected: False Result: None Version:  Update: 20190318
VIPRE Detected: True Result: Trojan.Win32.Generic!BT Version:  Update: 20210928
TrendMicro Detected: True Result: TROJ_SYMMI_GB010166.UVPM Version:  Update: 20210928
McAfee-GW-Edition Detected: True Result: BehavesLike.Win32.Generic.cc Version:  Update: 20210928
CMC Detected: False Result: None Version:  Update: 20210816
Sophos Detected: True Result: ML/PE-A + Mal/Behav-009 Version:  Update: 20210928
SentinelOne Detected: True Result: Static AI - Suspicious PE Version:  Update: 20210829
GData Detected: True Result: Gen:Variant.Fragtor.13997 Version:  Update: 20210928
Jiangmin Detected: True Result: TrojanDownloader.Agent.fjny Version:  Update: 20210927
Webroot Detected: False Result: None Version:  Update: 20210928
Avira Detected: True Result: TR/ATRAPS.Gen2 Version:  Update: 20210928
MAX Detected: True Result: malware (ai score=88) Version:  Update: 20210928
Antiy-AVL Detected: True Result: Trojan/Generic.ASMalwS.1AD6F36 Version:  Update: 20210928
Kingsoft Detected: False Result: None Version:  Update: 20210928
Gridinsoft Detected: False Result: None Version:  Update: 20210928
Arcabit Detected: False Result: None Version:  Update: 20210928
ViRobot Detected: False Result: None Version:  Update: 20210928
ZoneAlarm Detected: True Result: HEUR:Trojan.Win32.Generic Version:  Update: 20210928
Microsoft Detected: True Result: Trojan:Win32/Dynamer!ac Version:  Update: 20210928
Cynet Detected: True Result: Malicious (score: 100) Version:  Update: 20210928
AhnLab-V3 Detected: True Result: Trojan/Win32.Startpage.R189521 Version:  Update: 20210928
Acronis Detected: True Result: suspicious Version:  Update: 20210512
McAfee Detected: True Result: GenericRXAA-AA!B284A42B1248 Version:  Update: 20210928
TACHYON Detected: False Result: None Version:  Update: 20210928
VBA32 Detected: True Result: TScope.Trojan.Delf Version:  Update: 20210928
Malwarebytes Detected: True Result: Malware.AI.2349252097 Version:  Update: 20210928
Zoner Detected: False Result: None Version:  Update: 20210927
TrendMicro-HouseCall Detected: True Result: TROJ_SYMMI_GB010166.UVPM Version:  Update: 20210928
Tencent Detected: True Result: Malware.Win32.Gencirc.10b2e734 Version:  Update: 20210928
Yandex Detected: True Result: Trojan.GenAsa!y0WvWd3ihHA Version:  Update: 20210928
Ikarus Detected: True Result: Backdoor.Win32.Hupigon Version:  Update: 20210928
MaxSecure Detected: False Result: None Version:  Update: 20210925
Fortinet Detected: True Result: W32/Delf.TJF!tr Version:  Update: 20210928
AVG Detected: True Result: Win32:Malware-gen Version:  Update: 20210928
Panda Detected: True Result: Trj/Genetic.gen Version:  Update: 20210928"
0322A0BA58B95DB9A2227F12D193FDDEA74CFF89,SHA-1,https://www.virustotal.com/gui/file/da3a3e5c3e436967c2f62d6e777b9f9b118ab995ee1a569161494489614c09fa/detection/f-da3a3e5c3e436967c2f62d6e777b9f9b118ab995ee1a569161494489614c09fa-1632845040,2021-09-28 16:04:00,da3a3e5c3e436967c2f62d6e777b9f9b118ab995ee1a569161494489614c09fa,0322a0ba58b95db9a2227f12d193fddea74cff89,b284a42b124849e71dbef653d30229f1,"Scan finished, information embedded",52,67,77.61194029850746,"Bkav Detected: True Result: W32.AIDetect.malware2 Version:  Update: 20210928
Lionic Detected: True Result: Trojan.Win32.Agent.a!c Version:  Update: 20210928
Elastic Detected: True Result: malicious (high confidence) Version:  Update: 20210916
DrWeb Detected: False Result: None Version:  Update: 20210928
MicroWorld-eScan Detected: True Result: Gen:Variant.Fragtor.13997 Version:  Update: 20210928
FireEye Detected: True Result: Generic.mg.b284a42b124849e7 Version:  Update: 20210928
CAT-QuickHeal Detected: True Result: Trojan.Startpage.S6545 Version:  Update: 20210928
ALYac Detected: True Result: Gen:Variant.Fragtor.13997 Version:  Update: 20210928
Cylance Detected: True Result: Unsafe Version:  Update: 20210928
Zillya Detected: True Result: Trojan.Delf.Win32.76071 Version:  Update: 20210928
Sangfor Detected: True Result: Suspicious.Win32.Save.a Version:  Update: 20210831
K7AntiVirus Detected: True Result: Trojan ( 004d73c41 ) Version:  Update: 20210928
Alibaba Detected: True Result: TrojanDropper:Win32/ATRAPS.818a6f5e Version:  Update: 20190527
K7GW Detected: True Result: Trojan ( 004d73c41 ) Version:  Update: 20210928
CrowdStrike Detected: True Result: win/malicious_confidence_100% (D) Version:  Update: 20210203
BitDefenderTheta Detected: True Result: AI:Packer.2D6E6EDD1F Version:  Update: 20210921
Cyren Detected: True Result: W32/Trojan.CGE.gen!Eldorado Version:  Update: 20210928
Symantec Detected: True Result: ML.Attribute.HighConfidence Version:  Update: 20210928
ESET-NOD32 Detected: True Result: a variant of Win32/Delf.TJF Version:  Update: 20210928
APEX Detected: True Result: Malicious Version:  Update: 20210928
Paloalto Detected: True Result: generic.ml Version:  Update: 20210928
ClamAV Detected: True Result: Win.Trojan.Jacard-9876699-0 Version:  Update: 20210928
Kaspersky Detected: True Result: UDS:Trojan.Win32.Reconyc Version:  Update: 20210928
BitDefender Detected: True Result: Gen:Variant.Fragtor.13997 Version:  Update: 20210928
NANO-Antivirus Detected: True Result: Trojan.Win32.Agent.egmkck Version:  Update: 20210928
SUPERAntiSpyware Detected: False Result: None Version:  Update: 20210925
Avast Detected: True Result: Win32:Malware-gen Version:  Update: 20210928
Rising Detected: False Result: None Version:  Update: 20210928
Ad-Aware Detected: True Result: Gen:Variant.Fragtor.13997 Version:  Update: 20210928
Emsisoft Detected: True Result: Gen:Variant.Fragtor.13997 (B) Version:  Update: 20210928
Comodo Detected: False Result: None Version:  Update: 20210928
F-Secure Detected: False Result: None Version:  Update: 20210928
Baidu Detected: False Result: None Version:  Update: 20190318
VIPRE Detected: True Result: Trojan.Win32.Generic!BT Version:  Update: 20210928
TrendMicro Detected: True Result: TROJ_SYMMI_GB010166.UVPM Version:  Update: 20210928
McAfee-GW-Edition Detected: True Result: BehavesLike.Win32.Generic.cc Version:  Update: 20210928
CMC Detected: False Result: None Version:  Update: 20210816
Sophos Detected: True Result: ML/PE-A + Mal/Behav-009 Version:  Update: 20210928
SentinelOne Detected: True Result: Static AI - Suspicious PE Version:  Update: 20210829
GData Detected: True Result: Gen:Variant.Fragtor.13997 Version:  Update: 20210928
Jiangmin Detected: True Result: TrojanDownloader.Agent.fjny Version:  Update: 20210927
Webroot Detected: False Result: None Version:  Update: 20210928
Avira Detected: True Result: TR/ATRAPS.Gen2 Version:  Update: 20210928
MAX Detected: True Result: malware (ai score=88) Version:  Update: 20210928
Antiy-AVL Detected: True Result: Trojan/Generic.ASMalwS.1AD6F36 Version:  Update: 20210928
Kingsoft Detected: False Result: None Version:  Update: 20210928
Gridinsoft Detected: False Result: None Version:  Update: 20210928
Arcabit Detected: False Result: None Version:  Update: 20210928
ViRobot Detected: False Result: None Version:  Update: 20210928
ZoneAlarm Detected: True Result: HEUR:Trojan.Win32.Generic Version:  Update: 20210928
Microsoft Detected: True Result: Trojan:Win32/Dynamer!ac Version:  Update: 20210928
Cynet Detected: True Result: Malicious (score: 100) Version:  Update: 20210928
AhnLab-V3 Detected: True Result: Trojan/Win32.Startpage.R189521 Version:  Update: 20210928
Acronis Detected: True Result: suspicious Version:  Update: 20210512
McAfee Detected: True Result: GenericRXAA-AA!B284A42B1248 Version:  Update: 20210928
TACHYON Detected: False Result: None Version:  Update: 20210928
VBA32 Detected: True Result: TScope.Trojan.Delf Version:  Update: 20210928
Malwarebytes Detected: True Result: Malware.AI.2349252097 Version:  Update: 20210928
Zoner Detected: False Result: None Version:  Update: 20210927
TrendMicro-HouseCall Detected: True Result: TROJ_SYMMI_GB010166.UVPM Version:  Update: 20210928
Tencent Detected: True Result: Malware.Win32.Gencirc.10b2e734 Version:  Update: 20210928
Yandex Detected: True Result: Trojan.GenAsa!y0WvWd3ihHA Version:  Update: 20210928
Ikarus Detected: True Result: Backdoor.Win32.Hupigon Version:  Update: 20210928
MaxSecure Detected: False Result: None Version:  Update: 20210925
Fortinet Detected: True Result: W32/Delf.TJF!tr Version:  Update: 20210928
AVG Detected: True Result: Win32:Malware-gen Version:  Update: 20210928
Panda Detected: True Result: Trj/Genetic.gen Version:  Update: 20210928"
E02CE6D73156A11BA84A798B26DE1D12,MD5,https://www.virustotal.com/gui/file/26ee87d96144e5882302ae4f98ebd1c58f5f53223438e4a6498bf465848a8c0a/detection/f-26ee87d96144e5882302ae4f98ebd1c58f5f53223438e4a6498bf465848a8c0a-1470068910,2016-08-01 16:28:30,26ee87d96144e5882302ae4f98ebd1c58f5f53223438e4a6498bf465848a8c0a,725e80cab7c88d7e960c478e1b975e003e0c0c66,e02ce6d73156a11ba84a798b26de1d12,"Scan finished, information embedded",54,55,98.18181818181819,"Bkav Detected: True Result: W32.Sality.PE Version:  Update: 20160801
Lionic Detected: True Result: Troj.W32.Gen.lZLu Version:  Update: 20160801
TotalDefense Detected: True Result: Win32/Sality.AA Version:  Update: 20160801
MicroWorld-eScan Detected: True Result: Win32.Sality.3 Version:  Update: 20160801
nProtect Detected: True Result: Virus/W32.Sality.D Version:  Update: 20160729
CMC Detected: True Result: Trojan.Win32.MicroFake!O Version:  Update: 20160801
CAT-QuickHeal Detected: True Result: W32.Sality.U Version:  Update: 20160801
McAfee Detected: True Result: W32/Sality.gen.z Version:  Update: 20160801
Malwarebytes Detected: True Result: Trojan.FakeLPK Version:  Update: 20160801
Zillya Detected: True Result: Virus.Sality.Win32.25 Version:  Update: 20160731
TheHacker Detected: True Result: W32/Sality.gen Version:  Update: 20160729
Alibaba Detected: False Result: None Version:  Update: 20160801
K7GW Detected: True Result: Trojan ( 0040f8ac1 ) Version:  Update: 20160801
K7AntiVirus Detected: True Result: Trojan ( 0040f8ac1 ) Version:  Update: 20160801
Arcabit Detected: True Result: Win32.Sality.3 Version:  Update: 20160801
Baidu Detected: True Result: Win32.Virus.Sality.gen Version:  Update: 20160801
Cyren Detected: True Result: W32/Sality.gen2 Version:  Update: 20160801
Symantec Detected: True Result: W32.Sality.AE Version:  Update: 20160801
ESET-NOD32 Detected: True Result: Win32/Sality.NBA Version:  Update: 20160801
TrendMicro-HouseCall Detected: True Result: TROJ_VSTART.SMA Version:  Update: 20160801
Avast Detected: True Result: Win32:Malware-gen Version:  Update: 20160801
ClamAV Detected: True Result: Win.Trojan.Scar-545 Version:  Update: 20160801
Kaspersky Detected: True Result: Virus.Win32.Sality.gen Version:  Update: 20160801
BitDefender Detected: True Result: Win32.Sality.3 Version:  Update: 20160801
NANO-Antivirus Detected: True Result: Virus.Win32.Sality.beygb Version:  Update: 20160801
SUPERAntiSpyware Detected: True Result: Trojan.Agent/Gen-DDOS Version:  Update: 20160801
Ad-Aware Detected: True Result: Win32.Sality.3 Version:  Update: 20160801
Emsisoft Detected: True Result: Win32.Sality.3 (B) Version:  Update: 20160801
Comodo Detected: True Result: Virus.Win32.Sality.gen Version:  Update: 20160801
F-Secure Detected: True Result: Win32.Sality.3 Version:  Update: 20160801
DrWeb Detected: True Result: Win32.Sector.30 Version:  Update: 20160801
VIPRE Detected: True Result: Virus.Win32.Sality.at (v) Version:  Update: 20160801
TrendMicro Detected: True Result: TROJ_VSTART.SMA Version:  Update: 20160801
McAfee-GW-Edition Detected: True Result: BehavesLike.Win32.Sdbot.cc Version:  Update: 20160801
Sophos Detected: True Result: Mal/Nitol-C Version:  Update: 20160801
F-Prot Detected: True Result: W32/Sality.gen2 Version:  Update: 20160801
Jiangmin Detected: True Result: Win32/HLLP.Kuku.Gen Version:  Update: 20160801
Avira Detected: True Result: W32/Sality.AT Version:  Update: 20160801
Antiy-AVL Detected: True Result: Virus/Win32.Dzan.a Version:  Update: 20160801
Kingsoft Detected: True Result: Win32.Sality.lx.368640 Version:  Update: 20160801
Microsoft Detected: True Result: DDoS:Win32/Nitol.B Version:  Update: 20160801
ViRobot Detected: True Result: Win32.Sality.Gen.A[h] Version:  Update: 20160801
GData Detected: True Result: Win32.Sality.3 Version:  Update: 20160801
AhnLab-V3 Detected: True Result: Win32/Kashu.E Version:  Update: 20160801
ALYac Detected: True Result: Win32.Sality.3 Version:  Update: 20160801
AVware Detected: True Result: Virus.Win32.Sality.at (v) Version:  Update: 20160801
VBA32 Detected: True Result: Virus.Win32.Sality.bakc Version:  Update: 20160801
Zoner Detected: True Result: TrojanDownloader.ServStart.AC Version:  Update: 20160801
Tencent Detected: True Result: Trojan.Win32.FakeLpk.bkd Version:  Update: 20160801
Yandex Detected: True Result: Win32.Sality.BL Version:  Update: 20160731
Ikarus Detected: True Result: Trojan.Win32.ServStart Version:  Update: 20160801
Fortinet Detected: True Result: W32/Generic.AC.2D85!tr Version:  Update: 20160801
AVG Detected: True Result: BackDoor.Generic_r.ARQ Version:  Update: 20160801
Panda Detected: True Result: W32/Sality.AA Version:  Update: 20160801
Qihoo-360 Detected: True Result: Backdoor.Win32.Rbot.B Version:  Update: 20160801"
B4ED7AEDACD28CBBDE6978FB09C22C75,MD5,https://www.virustotal.com/gui/file/6a6f5ca9ea72f4573e8406ef3c2539fee721093b48124d99bcdd3093a06b7638/detection/f-6a6f5ca9ea72f4573e8406ef3c2539fee721093b48124d99bcdd3093a06b7638-1472590951,2016-08-30 21:02:31,6a6f5ca9ea72f4573e8406ef3c2539fee721093b48124d99bcdd3093a06b7638,c6336ea255efa7371337c0882d175bee44cbbd49,b4ed7aedacd28cbbde6978fb09c22c75,"Scan finished, information embedded",56,58,96.55172413793103,"Bkav Detected: True Result: W32.BackdoorWabot.Trojan Version:  Update: 20160830
Lionic Detected: True Result: Backdoor.W32.Wabot.tn6b Version:  Update: 20160830
MicroWorld-eScan Detected: True Result: Gen:Trojan.ShellIni.LHZ@aW0Tlfli Version:  Update: 20160830
nProtect Detected: True Result: Backdoor/W32.Wabot.1667584 Version:  Update: 20160830
CMC Detected: True Result: Backdoor.Win32.Wabot!O Version:  Update: 20160830
CAT-QuickHeal Detected: True Result: Trojan.Wabot.A8 Version:  Update: 20160830
ALYac Detected: True Result: Gen:Trojan.ShellIni.LHZ@aW0Tlfli Version:  Update: 20160830
Malwarebytes Detected: True Result: Backdoor.Wabot Version:  Update: 20160830
Zillya Detected: True Result: Backdoor.Wabot.Win32.1 Version:  Update: 20160830
CrowdStrike Detected: True Result: malicious_confidence_100% (W) Version:  Update: 20160725
BitDefender Detected: True Result: Gen:Trojan.ShellIni.LHZ@aW0Tlfli Version:  Update: 20160830
K7GW Detected: True Result: Trojan ( 004be76d1 ) Version:  Update: 20160830
K7AntiVirus Detected: True Result: Trojan ( 004be76d1 ) Version:  Update: 20160830
TrendMicro Detected: True Result: BKDR_WABOT.SMIA Version:  Update: 20160830
Baidu Detected: True Result: Win32.Backdoor.Wabot.a Version:  Update: 20160830
F-Prot Detected: True Result: W32/A-a17f4dfc!Eldorado Version:  Update: 20160830
Symantec Detected: True Result: W32.Wabot Version:  Update: 20160830
TotalDefense Detected: True Result: Win32/DCMgreen.A Version:  Update: 20160830
TrendMicro-HouseCall Detected: True Result: BKDR_WABOT.SMIA Version:  Update: 20160830
Avast Detected: True Result: Win32:Wabot [Trj] Version:  Update: 20160830
ClamAV Detected: True Result: Win.Trojan.Wabot-1 Version:  Update: 20160830
Kaspersky Detected: True Result: Backdoor.Win32.Wabot.a Version:  Update: 20160830
Alibaba Detected: False Result: None Version:  Update: 20160830
NANO-Antivirus Detected: True Result: Trojan.Win32.Wabot.dmukv Version:  Update: 20160830
ViRobot Detected: True Result: Backdoor.Win32.Wabot.157619[h] Version:  Update: 20160830
Rising Detected: True Result: Malware.Heuristic!ET (rdm+) Version:  Update: 20160830
Ad-Aware Detected: True Result: Gen:Trojan.ShellIni.LHZ@aW0Tlfli Version:  Update: 20160830
Emsisoft Detected: True Result: Gen:Trojan.ShellIni.LHZ@aW0Tlfli (B) Version:  Update: 20160830
Comodo Detected: True Result: Backdoor.Win32.Wabot.A Version:  Update: 20160830
F-Secure Detected: True Result: Gen:Trojan.ShellIni.LHZ@aW0Tlfli Version:  Update: 20160830
DrWeb Detected: True Result: Trojan.MulDrop2.11051 Version:  Update: 20160830
VIPRE Detected: True Result: Trojan.Win32.Generic!SB.0 Version:  Update: 20160830
Invincea Detected: True Result: backdoor.win32.wabot.a Version:  Update: 20160830
McAfee-GW-Edition Detected: True Result: BehavesLike.Win32.Wabot.tc Version:  Update: 20160830
TheHacker Detected: True Result: Backdoor/Wabot.a Version:  Update: 20160829
Cyren Detected: True Result: W32/A-a17f4dfc!Eldorado Version:  Update: 20160830
Jiangmin Detected: True Result: Backdoor/Wabot.z Version:  Update: 20160830
Avira Detected: True Result: TR/Dldr.Delphi.Gen Version:  Update: 20160830
Antiy-AVL Detected: True Result: Trojan[Backdoor]/Win32.Wabot.a Version:  Update: 20160830
Kingsoft Detected: False Result: None Version:  Update: 20160830
Microsoft Detected: True Result: Backdoor:Win32/Wabot.A Version:  Update: 20160830
Arcabit Detected: True Result: Trojan.ShellIni.ED32CE Version:  Update: 20160830
SUPERAntiSpyware Detected: True Result: Trojan.Agent/Gen-Wabot Version:  Update: 20160830
GData Detected: True Result: Gen:Trojan.ShellIni.LHZ@aW0Tlfli Version:  Update: 20160830
Sophos Detected: True Result: Troj/Luiha-M Version:  Update: 20160830
AhnLab-V3 Detected: True Result: Worm/Win32.IRCBot.N2091513092 Version:  Update: 20160830
McAfee Detected: True Result: W32/Wabot Version:  Update: 20160830
AVware Detected: True Result: Trojan.Win32.Generic!SB.0 Version:  Update: 20160830
VBA32 Detected: True Result: Backdoor.Wabot Version:  Update: 20160830
Zoner Detected: True Result: I-Worm.Delf.NRF Version:  Update: 20160830
ESET-NOD32 Detected: True Result: Win32/Delf.NRF Version:  Update: 20160830
Tencent Detected: True Result: Trojan.Win32.Wabot.a Version:  Update: 20160830
Yandex Detected: True Result: Backdoor.Wabot!AWDH2njzaiI Version:  Update: 20160830
Ikarus Detected: True Result: P2P-Worm.Win32.Delf Version:  Update: 20160830
Fortinet Detected: True Result: W32/Generic.AC.234D!tr Version:  Update: 20160830
AVG Detected: True Result: BackDoor.Wabot.A Version:  Update: 20160830
Panda Detected: True Result: Backdoor Program Version:  Update: 20160830
Qihoo-360 Detected: True Result: Backdoor.Win32.Agent.DP Version:  Update: 20160830"
C6336EA255EFA7371337C0882D175BEE44CBBD49,SHA-1,https://www.virustotal.com/gui/file/6a6f5ca9ea72f4573e8406ef3c2539fee721093b48124d99bcdd3093a06b7638/detection/f-6a6f5ca9ea72f4573e8406ef3c2539fee721093b48124d99bcdd3093a06b7638-1472590951,2016-08-30 21:02:31,6a6f5ca9ea72f4573e8406ef3c2539fee721093b48124d99bcdd3093a06b7638,c6336ea255efa7371337c0882d175bee44cbbd49,b4ed7aedacd28cbbde6978fb09c22c75,"Scan finished, information embedded",56,58,96.55172413793103,"Bkav Detected: True Result: W32.BackdoorWabot.Trojan Version:  Update: 20160830
Lionic Detected: True Result: Backdoor.W32.Wabot.tn6b Version:  Update: 20160830
MicroWorld-eScan Detected: True Result: Gen:Trojan.ShellIni.LHZ@aW0Tlfli Version:  Update: 20160830
nProtect Detected: True Result: Backdoor/W32.Wabot.1667584 Version:  Update: 20160830
CMC Detected: True Result: Backdoor.Win32.Wabot!O Version:  Update: 20160830
CAT-QuickHeal Detected: True Result: Trojan.Wabot.A8 Version:  Update: 20160830
ALYac Detected: True Result: Gen:Trojan.ShellIni.LHZ@aW0Tlfli Version:  Update: 20160830
Malwarebytes Detected: True Result: Backdoor.Wabot Version:  Update: 20160830
Zillya Detected: True Result: Backdoor.Wabot.Win32.1 Version:  Update: 20160830
CrowdStrike Detected: True Result: malicious_confidence_100% (W) Version:  Update: 20160725
BitDefender Detected: True Result: Gen:Trojan.ShellIni.LHZ@aW0Tlfli Version:  Update: 20160830
K7GW Detected: True Result: Trojan ( 004be76d1 ) Version:  Update: 20160830
K7AntiVirus Detected: True Result: Trojan ( 004be76d1 ) Version:  Update: 20160830
TrendMicro Detected: True Result: BKDR_WABOT.SMIA Version:  Update: 20160830
Baidu Detected: True Result: Win32.Backdoor.Wabot.a Version:  Update: 20160830
F-Prot Detected: True Result: W32/A-a17f4dfc!Eldorado Version:  Update: 20160830
Symantec Detected: True Result: W32.Wabot Version:  Update: 20160830
TotalDefense Detected: True Result: Win32/DCMgreen.A Version:  Update: 20160830
TrendMicro-HouseCall Detected: True Result: BKDR_WABOT.SMIA Version:  Update: 20160830
Avast Detected: True Result: Win32:Wabot [Trj] Version:  Update: 20160830
ClamAV Detected: True Result: Win.Trojan.Wabot-1 Version:  Update: 20160830
Kaspersky Detected: True Result: Backdoor.Win32.Wabot.a Version:  Update: 20160830
Alibaba Detected: False Result: None Version:  Update: 20160830
NANO-Antivirus Detected: True Result: Trojan.Win32.Wabot.dmukv Version:  Update: 20160830
ViRobot Detected: True Result: Backdoor.Win32.Wabot.157619[h] Version:  Update: 20160830
Rising Detected: True Result: Malware.Heuristic!ET (rdm+) Version:  Update: 20160830
Ad-Aware Detected: True Result: Gen:Trojan.ShellIni.LHZ@aW0Tlfli Version:  Update: 20160830
Emsisoft Detected: True Result: Gen:Trojan.ShellIni.LHZ@aW0Tlfli (B) Version:  Update: 20160830
Comodo Detected: True Result: Backdoor.Win32.Wabot.A Version:  Update: 20160830
F-Secure Detected: True Result: Gen:Trojan.ShellIni.LHZ@aW0Tlfli Version:  Update: 20160830
DrWeb Detected: True Result: Trojan.MulDrop2.11051 Version:  Update: 20160830
VIPRE Detected: True Result: Trojan.Win32.Generic!SB.0 Version:  Update: 20160830
Invincea Detected: True Result: backdoor.win32.wabot.a Version:  Update: 20160830
McAfee-GW-Edition Detected: True Result: BehavesLike.Win32.Wabot.tc Version:  Update: 20160830
TheHacker Detected: True Result: Backdoor/Wabot.a Version:  Update: 20160829
Cyren Detected: True Result: W32/A-a17f4dfc!Eldorado Version:  Update: 20160830
Jiangmin Detected: True Result: Backdoor/Wabot.z Version:  Update: 20160830
Avira Detected: True Result: TR/Dldr.Delphi.Gen Version:  Update: 20160830
Antiy-AVL Detected: True Result: Trojan[Backdoor]/Win32.Wabot.a Version:  Update: 20160830
Kingsoft Detected: False Result: None Version:  Update: 20160830
Microsoft Detected: True Result: Backdoor:Win32/Wabot.A Version:  Update: 20160830
Arcabit Detected: True Result: Trojan.ShellIni.ED32CE Version:  Update: 20160830
SUPERAntiSpyware Detected: True Result: Trojan.Agent/Gen-Wabot Version:  Update: 20160830
GData Detected: True Result: Gen:Trojan.ShellIni.LHZ@aW0Tlfli Version:  Update: 20160830
Sophos Detected: True Result: Troj/Luiha-M Version:  Update: 20160830
AhnLab-V3 Detected: True Result: Worm/Win32.IRCBot.N2091513092 Version:  Update: 20160830
McAfee Detected: True Result: W32/Wabot Version:  Update: 20160830
AVware Detected: True Result: Trojan.Win32.Generic!SB.0 Version:  Update: 20160830
VBA32 Detected: True Result: Backdoor.Wabot Version:  Update: 20160830
Zoner Detected: True Result: I-Worm.Delf.NRF Version:  Update: 20160830
ESET-NOD32 Detected: True Result: Win32/Delf.NRF Version:  Update: 20160830
Tencent Detected: True Result: Trojan.Win32.Wabot.a Version:  Update: 20160830
Yandex Detected: True Result: Backdoor.Wabot!AWDH2njzaiI Version:  Update: 20160830
Ikarus Detected: True Result: P2P-Worm.Win32.Delf Version:  Update: 20160830
Fortinet Detected: True Result: W32/Generic.AC.234D!tr Version:  Update: 20160830
AVG Detected: True Result: BackDoor.Wabot.A Version:  Update: 20160830
Panda Detected: True Result: Backdoor Program Version:  Update: 20160830
Qihoo-360 Detected: True Result: Backdoor.Win32.Agent.DP Version:  Update: 20160830"
